-- 初期ユーザーデータ
INSERT INTO users (id, username, email, password_hash) VALUES
    ('550e8400-e29b-41d4-a716-446655440001', 'user1', 'user1@example.com', '$2a$10$N.zmdr9k7uOCQb376NoUnuTJ8ioctKk7Z4ooGH4a1QsW.J4Wm3G6u'),
    ('550e8400-e29b-41d4-a716-446655440002', 'user2', 'user2@example.com', '$2a$10$N.zmdr9k7uOCQb376NoUnuTJ8ioctKk7Z4ooGH4a1QsW.J4Wm3G6u'),
    ('550e8400-e29b-41d4-a716-446655440003', 'admin', 'admin@example.com', '$2a$10$N.zmdr9k7uOCQb376NoUnuTJ8ioctKk7Z4ooGH4a1QsW.J4Wm3G6u');

-- カテゴリデータ
INSERT INTO categories (id, name, description) VALUES
    ('660e8400-e29b-41d4-a716-446655440001', '食費', '食事や食材の費用'),
    ('660e8400-e29b-41d4-a716-446655440002', '交通費', '電車、バス、タクシーなどの交通費'),
    ('660e8400-e29b-41d4-a716-446655440003', '住居費', '家賃、光熱費、通信費など'),
    ('660e8400-e29b-41d4-a716-446655440004', '娯楽費', '映画、ゲーム、趣味などの費用'),
    ('660e8400-e29b-41d4-a716-446655440005', '医療費', '病院、薬代などの医療関連費用'),
    ('660e8400-e29b-41d4-a716-446655440006', '日用品', '日用品、消耗品の購入費用'),
    ('660e8400-e29b-41d4-a716-446655440007', '衣服・美容', '服、化粧品、美容院などの費用'),
    ('660e8400-e29b-41d4-a716-446655440008', '教育', '書籍、セミナー、学習関連の費用');

-- 予算データ（2025年8月）
INSERT INTO budgets (id, user_id, category_id, amount, year, month) VALUES
    ('770e8400-e29b-41d4-a716-446655440001', '550e8400-e29b-41d4-a716-446655440001', '660e8400-e29b-41d4-a716-446655440001', 50000, 2025, 8),
    ('770e8400-e29b-41d4-a716-446655440002', '550e8400-e29b-41d4-a716-446655440001', '660e8400-e29b-41d4-a716-446655440002', 15000, 2025, 8),
    ('770e8400-e29b-41d4-a716-446655440003', '550e8400-e29b-41d4-a716-446655440001', '660e8400-e29b-41d4-a716-446655440003', 80000, 2025, 8),
    ('770e8400-e29b-41d4-a716-446655440004', '550e8400-e29b-41d4-a716-446655440001', '660e8400-e29b-41d4-a716-446655440004', 30000, 2025, 8),
    ('770e8400-e29b-41d4-a716-446655440005', '550e8400-e29b-41d4-a716-446655440002', '660e8400-e29b-41d4-a716-446655440001', 45000, 2025, 8),
    ('770e8400-e29b-41d4-a716-446655440006', '550e8400-e29b-41d4-a716-446655440002', '660e8400-e29b-41d4-a716-446655440002', 20000, 2025, 8);

-- 支出データ
INSERT INTO expenses (id, user_id, category_id, amount, description, expense_date) VALUES
    ('880e8400-e29b-41d4-a716-446655440001', '550e8400-e29b-41d4-a716-446655440001', '660e8400-e29b-41d4-a716-446655440001', 3500, 'スーパーマーケットでの買い物', '2025-08-01'),
    ('880e8400-e29b-41d4-a716-446655440002', '550e8400-e29b-41d4-a716-446655440001', '660e8400-e29b-41d4-a716-446655440002', 580, '電車代', '2025-08-01'),
    ('880e8400-e29b-41d4-a716-446655440003', '550e8400-e29b-41d4-a716-446655440001', '660e8400-e29b-41d4-a716-446655440001', 1200, 'コンビニ弁当', '2025-08-02'),
    ('880e8400-e29b-41d4-a716-446655440004', '550e8400-e29b-41d4-a716-446655440001', '660e8400-e29b-41d4-a716-446655440004', 2500, '映画鑑賞', '2025-08-03'),
    ('880e8400-e29b-41d4-a716-446655440005', '550e8400-e29b-41d4-a716-446655440001', '660e8400-e29b-41d4-a716-446655440003', 75000, '8月分家賃', '2025-08-01'),
    ('880e8400-e29b-41d4-a716-446655440006', '550e8400-e29b-41d4-a716-446655440001', '660e8400-e29b-41d4-a716-446655440006', 800, '洗剤購入', '2025-08-04'),
    ('880e8400-e29b-41d4-a716-446655440007', '550e8400-e29b-41d4-a716-446655440002', '660e8400-e29b-41d4-a716-446655440001', 2800, 'ランチ', '2025-08-01'),
    ('880e8400-e29b-41d4-a716-446655440008', '550e8400-e29b-41d4-a716-446655440002', '660e8400-e29b-41d4-a716-446655440002', 320, 'バス代', '2025-08-02'),
    ('880e8400-e29b-41d4-a716-446655440009', '550e8400-e29b-41d4-a716-446655440001', '660e8400-e29b-41d4-a716-446655440007', 8500, '美容院', '2025-08-05'),
    ('880e8400-e29b-41d4-a716-446655440010', '550e8400-e29b-41d4-a716-446655440001', '660e8400-e29b-41d4-a716-446655440008', 3200, '技術書購入', '2025-08-06');